,Metric,Value
0,Total Survival Rate,0.3838383838383838
1,Class 1 Survival,0.6296296296296297
2,Class 2 Survival,0.47282608695652173
3,Class 3 Survival,0.24236252545824846
4,Female Survival,0.7420382165605095
5,Male Survival,0.18890814558058924
6,Class 1 Avg Fare,84.1546875
7,Class 2 Avg Fare,20.662183152173913
8,Class 3 Avg Fare,13.675550101832993
9,Avg Age of Non-Survivors,30.028233151183972
10,Avg Age of Survivors,28.29143274853801
